﻿<parameters>
  <parameter name="IIS Web Application Name" defaultValue="prasastiaaryanisaliha.info" tags="IisApp">
    <parameterEntry kind="ProviderPath" scope="IisApp" match="^C:\\Users\\user\\source\\repos\\TestWebMVC\\TestWebMVC\\obj\\Release\\Package\\PackageTmp$" />
    <parameterEntry kind="ProviderPath" scope="setAcl" match="^C:\\Users\\user\\source\\repos\\TestWebMVC\\TestWebMVC\\obj\\Release\\Package\\PackageTmp$" />
  </parameter>
  <parameter name="app_ticketEntities-Web.config Connection String" defaultValue="metadata=res://*/Models.app_ticket.csdl|res://*/Models.app_ticket.ssdl|res://*/Models.app_ticket.msl;provider=System.Data.SqlClient;provider connection string=&quot;data source=DESKTOP-M61FHQD\SQLEXPRESS;initial catalog=app_ticket;integrated security=True;MultipleActiveResultSets=True;App=EntityFramework&quot;">
    <parameterEntry kind="XmlFile" scope="C:\\Users\\user\\source\\repos\\TestWebMVC\\TestWebMVC\\obj\\Release\\Package\\PackageTmp\\Web\.config$" match="/configuration/connectionStrings/add[@name='app_ticketEntities']/@connectionString" />
  </parameter>
  <parameter name="ticketingEntities-Web.config Connection String" defaultValue="metadata=res://*/Models.ticketing_login.csdl|res://*/Models.ticketing_login.ssdl|res://*/Models.ticketing_login.msl;provider=System.Data.SqlClient;provider connection string=&quot;data source=DESKTOP-M61FHQD\SQLEXPRESS;initial catalog=ticketing;integrated security=True;MultipleActiveResultSets=True;App=EntityFramework&quot;">
    <parameterEntry kind="XmlFile" scope="C:\\Users\\user\\source\\repos\\TestWebMVC\\TestWebMVC\\obj\\Release\\Package\\PackageTmp\\Web\.config$" match="/configuration/connectionStrings/add[@name='ticketingEntities']/@connectionString" />
  </parameter>
  <parameter name="ticketingEntities1-Web.config Connection String" defaultValue="metadata=res://*/Models.ticketing_crud.csdl|res://*/Models.ticketing_crud.ssdl|res://*/Models.ticketing_crud.msl;provider=System.Data.SqlClient;provider connection string=&quot;data source=DESKTOP-M61FHQD\SQLEXPRESS;initial catalog=ticketing;integrated security=True;multipleactiveresultsets=True;application name=EntityFramework&quot;">
    <parameterEntry kind="XmlFile" scope="C:\\Users\\user\\source\\repos\\TestWebMVC\\TestWebMVC\\obj\\Release\\Package\\PackageTmp\\Web\.config$" match="/configuration/connectionStrings/add[@name='ticketingEntities1']/@connectionString" />
  </parameter>
  <parameter name="ticketingEntities2-Web.config Connection String" defaultValue="metadata=res://*/Models.ticketing_status.csdl|res://*/Models.ticketing_status.ssdl|res://*/Models.ticketing_status.msl;provider=System.Data.SqlClient;provider connection string=&quot;data source=DESKTOP-M61FHQD\SQLEXPRESS;initial catalog=ticketing;integrated security=True;MultipleActiveResultSets=True;App=EntityFramework&quot;">
    <parameterEntry kind="XmlFile" scope="C:\\Users\\user\\source\\repos\\TestWebMVC\\TestWebMVC\\obj\\Release\\Package\\PackageTmp\\Web\.config$" match="/configuration/connectionStrings/add[@name='ticketingEntities2']/@connectionString" />
  </parameter>
  <parameter name="ticketingEntities3-Web.config Connection String" defaultValue="metadata=res://*/Models.ticketing_crud.csdl|res://*/Models.ticketing_crud.ssdl|res://*/Models.ticketing_crud.msl;provider=System.Data.SqlClient;provider connection string=&quot;data source=DESKTOP-M61FHQD\SQLEXPRESS;initial catalog=ticketing;integrated security=True;multipleactiveresultsets=True;application name=EntityFramework&quot;">
    <parameterEntry kind="XmlFile" scope="C:\\Users\\user\\source\\repos\\TestWebMVC\\TestWebMVC\\obj\\Release\\Package\\PackageTmp\\Web\.config$" match="/configuration/connectionStrings/add[@name='ticketingEntities3']/@connectionString" />
  </parameter>
</parameters>